题目ID,文件名称,相对文件路径,年份,试卷类型,试卷名称,原卷题号,知识板块,标签,包含TikZ绘图,题型,难度星级,包含解析,组卷引用次数,备注,初次录入的时间,最后修改时间,题干,答案,解析,学科,学段,年级,册别,知识点,分值,实验类型,图像类型,单位要求,是否包含电路图,是否包含受力图,是否包含光路图,是否包含实验表格,来源,来源类型,来源文件,来源页码,来源区域坐标,导入批次ID,识别方式,OCR置信度,审核状态,审核备注,原始图片路径
PHY-GZ-0005,PHY-GZ-0005,高中物理\运动学\PHY-GZ-0005.tex,,,,,运动学,,否,计算题,1.0,是,0,高中运动学基础测试题,2026-07-07 21:34:40,2026-07-07 21:31:29,"某物体做匀速直线运动，速度大小为 $6\,\mathrm{m/s}$，持续时间为 $4\,\mathrm{s}$。求这段时间内物体的位移大小。","位移大小为 $24\,\mathrm{m}$。","匀速直线运动的位移公式为 $s=vt$。

代入数据得 $s=6\,\mathrm{m/s}\times 4\,\mathrm{s}=24\,\mathrm{m}$。

所以这段时间内物体的位移大小为 $24\,\mathrm{m}$。",物理,高中,高一,必修一,匀速直线运动位移计算,5,无,无,位移使用 $\mathrm{m}$,否,否,否,否,本地原创测试题,,,,,,,,,,
PHY-GZ-0006,PHY-GZ-0006,高中物理\牛顿运动定律\PHY-GZ-0006.tex,,,,,牛顿运动定律,,否,计算题,1.0,是,0,高中牛顿定律基础测试题,2026-07-07 21:34:40,2026-07-07 21:31:32,"质量为 $2\,\mathrm{kg}$ 的物体在水平面上运动，受到的合外力大小为 $4\,\mathrm{N}$。不计其他复杂因素，求物体的加速度大小。","物体的加速度大小为 $2\,\mathrm{m/s^2}$。","根据牛顿第二定律 $F=ma$，

$a=\dfrac{F}{m}=\dfrac{4\,\mathrm{N}}{2\,\mathrm{kg}}=2\,\mathrm{m/s^2}$。

所以物体的加速度大小为 $2\,\mathrm{m/s^2}$。",物理,高中,高一,必修一,牛顿第二定律,5,无,无,加速度使用 $\mathrm{m/s^2}$,否,否,否,否,本地原创测试题,,,,,,,,,,
PHY-GZ-0007,PHY-GZ-0007,高中物理\恒定电流\PHY-GZ-0007.tex,,,,,恒定电流,,否,计算题,1.0,是,0,高中电学基础测试题,2026-07-07 21:34:40,2026-07-07 21:31:35,"某导体两端的电压为 $10\,\mathrm{V}$，通过导体的电流为 $2\,\mathrm{A}$。求导体的电阻 $R$。","导体的电阻为 $R=5\,\Omega$。","根据欧姆定律 $R=\dfrac{U}{I}$，

$R=\dfrac{10\,\mathrm{V}}{2\,\mathrm{A}}=5\,\Omega$。

所以导体的电阻为 $5\,\Omega$，即 $R=5\,\Omega$。",物理,高中,高二,选择性必修,欧姆定律与电阻计算,5,无,无,电阻使用 $\Omega$,否,否,否,否,本地原创测试题,,,,,,,,,,
PHY-GZ-0008,PHY-GZ-0008,高中物理\实验\PHY-GZ-0008.tex,,,,,实验,,否,实验探究题,1.5,是,0,高中实验基础测试题,2026-07-07 21:34:40,2026-07-07 21:31:37,"在伏安法测电阻实验中，某次测得待测电阻两端电压为 $2.5\,\mathrm{V}$，通过它的电流为 $0.50\,\mathrm{A}$。

求待测电阻的阻值，并写出一种减小偶然误差的方法。","待测电阻的阻值为 $R=5\,\Omega$。

减小偶然误差的一种方法是进行多次测量并取平均值。","根据欧姆定律 $R=\dfrac{U}{I}$，

$R=\dfrac{2.5\,\mathrm{V}}{0.50\,\mathrm{A}}=5\,\Omega$。

所以待测电阻的阻值为 $R=5\,\Omega$。

为了减小偶然误差，可以在相同条件下进行多次测量，再对结果取平均值。",物理,高中,高二,选择性必修,伏安法测电阻,6,电学实验,无,电阻使用 $\Omega$,否,否,否,否,本地原创测试题,,,,,,,,,,
PHY-JH-0001,PHY-JH-0001,初中物理\力与运动\PHY-JH-0001.tex,,,,,力与运动,,否,计算题,1.0,是,0,初中力学基础测试题,2026-07-07 21:34:40,2026-07-07 21:31:20,"一名同学沿笔直道路做匀速运动，在 $4\,\mathrm{s}$ 内前进了 $20\,\mathrm{m}$。求这名同学运动的速度。","速度为 $5\,\mathrm{m/s}$。","根据速度公式 $v=\dfrac{s}{t}$，

$v=\dfrac{20\,\mathrm{m}}{4\,\mathrm{s}}=5\,\mathrm{m/s}$。

所以这名同学运动的速度为 $5\,\mathrm{m/s}$。",物理,初中,八年级,通用,速度计算,5,无,无,速度使用 $\mathrm{m/s}$,否,否,否,否,本地原创测试题,,,,,,,,,,
PHY-JH-0002,PHY-JH-0002,初中物理\电流和电路\PHY-JH-0002.tex,,,,,电流和电路,,否,填空题,1.0,是,0,初中电学基础测试题,2026-07-07 21:34:40,2026-07-07 21:31:22,"在一个串联电路中，电流表测得通过灯泡 $L_1$ 的电流为 $0.30\,\mathrm{A}$。求通过灯泡 $L_2$ 的电流和干路电流分别是多少。","通过灯泡 $L_2$ 的电流为 $0.30\,\mathrm{A}$，干路电流也为 $0.30\,\mathrm{A}$。","串联电路中各处电流相等。

已知通过灯泡 $L_1$ 的电流为 $0.30\,\mathrm{A}$，所以通过灯泡 $L_2$ 的电流也是 $0.30\,\mathrm{A}$，干路电流同样为 $0.30\,\mathrm{A}$。",物理,初中,九年级,通用,串联电路中的电流规律,4,无,无,电流使用 $\mathrm{A}$,否,否,否,否,本地原创测试题,,,,,,,,,,
PHY-JH-0003,PHY-JH-0003,初中物理\光现象\PHY-JH-0003.tex,,,,,光现象,,否,填空题,1.0,是,0,初中光学基础测试题,2026-07-07 21:34:40,2026-07-07 21:31:25,"一名同学站在平面镜前，与平面镜的距离为 $1.0\,\mathrm{m}$。求镜中的像到这名同学的距离。","镜中的像到这名同学的距离为 $2.0\,\mathrm{m}$。","平面镜成像时，像到镜面的距离等于物体到镜面的距离。

这名同学到镜面的距离为 $1.0\,\mathrm{m}$，所以像到镜面的距离也是 $1.0\,\mathrm{m}$。

因此像到人的距离为 $1.0\,\mathrm{m}+1.0\,\mathrm{m}=2.0\,\mathrm{m}$。",物理,初中,八年级,通用,平面镜成像特点,4,无,无,长度使用 $\mathrm{m}$,否,否,否,否,本地原创测试题,,,,,,,,,,
PHY-JH-0004,PHY-JH-0004,初中物理\实验探究\PHY-JH-0004.tex,,,,,实验探究,,否,实验探究题,1.5,是,0,初中实验探究基础测试题,2026-07-07 21:34:40,2026-07-07 21:31:27,"在“探究滑动摩擦力大小与哪些因素有关”的实验中，小组同学用弹簧测力计匀速拉动同一木块。

当木块放在木板表面时，弹簧测力计示数为 $1.2\,\mathrm{N}$；当木块放在毛巾表面时，弹簧测力计示数为 $2.0\,\mathrm{N}$。在其他条件相同的情况下，比较两次滑动摩擦力的大小，并写出实验结论。","木块放在毛巾表面时受到的滑动摩擦力较大。

实验结论是在压力相同的情况下，接触面越粗糙，滑动摩擦力越大。","木块做匀速直线运动时，弹簧测力计的拉力大小等于滑动摩擦力大小。

因此在木板表面时，滑动摩擦力为 $1.2\,\mathrm{N}$；在毛巾表面时，滑动摩擦力为 $2.0\,\mathrm{N}$。

比较可知 $2.0\,\mathrm{N}>1.2\,\mathrm{N}$，所以毛巾表面的滑动摩擦力更大。

由此可得，在压力相同的情况下，接触面越粗糙，滑动摩擦力越大。",物理,初中,九年级,通用,探究滑动摩擦力大小与接触面粗糙程度的关系,6,力学实验,无,力使用 $\mathrm{N}$,否,否,否,否,本地原创测试题,,,,,,,,,,
